{
    "main": {
        "title": "About Incognito",
        "data": "Access the world wide web, Incognito is an anti-censorship web service."
    },
    "authors": [
        {
            "name": "<a href=\"https://github.com/caracal-js\">Caracal.js</a>",
            "data": "Creator of <a href=\"https://github.com/titaniumnetwork-dev/Ultraviolet\">Ultr&#173;avi&#173;olet</a> & Incognito</p>"
        },
        {
            "name": "<a href=\"https://github.com/e9x\">e9x</a>",
            "data": "Creator of <a href=\"https://github.com/tomphttp/\">TompHTTP</a>"
        },
        {
            "name": "Amethyst Network",
            "data": "Created deployable version"
        }
    ],
    "amethyst": [
        {
            "name": "<a href=\"https://github.com/IDontCodee\">IDontCodee</a>",
            "data": "Amethyst Network"
        }
    ],
    "socials": [
        {
            "name": "<a href=\"https://discord.gg/unblock\">TN Server</a>",
            "data": "The official Ti&#173;tan&#173;ium Ne&#173;two&#173;rk disc&#173;ord server."
        }
    ],
    "contact": [
        {
            "name": "<a href=\"mailto:incognito@titaniumnetwork.org\">incognito@titaniumnetwork.org</a>"
        }
    ]
}
